2.58e9,0.04947466171517755
2.58001e9,0.04957996045624832
2.58002e9,0.04968651125844699
2.58003e9,0.049795237973725925
2.58004e9,0.04990514974698261
2.58005e9,0.05001721194714187
2.58006e9,0.05013086413273498
2.58007e9,0.050239403385786224
2.58008e9,0.050365153556423396
2.58009e9,0.05048519612654483
2.5801e9,0.05060763482661771
2.58011e9,0.05072972713973645
2.58012e9,0.05085565526418726
2.58013e9,0.05098275788363583
2.58014e9,0.0511108742571048
2.58015e9,0.051241444753322
2.58016e9,0.05137263450550714
2.58017e9,0.05150640817229661
2.58018e9,0.051642061436174405
2.58019e9,0.051779435316432386
2.5802e9,0.05191673903527488
2.58021e9,0.05205431999528344
2.58022e9,0.05219575986830409
2.58023e9,0.05233778711200912
2.58024e9,0.052480072227058416
2.58025e9,0.052621160251283786
2.58026e9,0.05276467201822182
2.58027e9,0.05291040607443579
2.58028e9,0.053059705938209106
2.58029e9,0.0532055030983075
2.5803e9,0.053352184269872635
2.58031e9,0.053502662701957214
2.58032e9,0.05364885040091646
2.58033e9,0.053797313847977306
2.58034e9,0.05394652695488691
2.58035e9,0.05409551151933441
2.58036e9,0.05425003680699296
2.58037e9,0.05439866551841319
2.58038e9,0.05454820297757467
2.58039e9,0.05469727473434872
2.5804e9,0.05479773673013931
2.58041e9,0.054995155953933
2.58042e9,0.05514137800178629
2.58043e9,0.055290047369577884
2.58044e9,0.05543531056190077
2.58045e9,0.05558119478105648
2.58046e9,0.055731044532194865
2.58047e9,0.05587233459831779
2.58048e9,0.056017022423308055
2.58049e9,0.05616199015935757
2.5805e9,0.05630710239912028
2.58051e9,0.05644810943434352
2.58052e9,0.056587740287324176
2.58053e9,0.05672721401171476
2.58054e9,0.05686599866830417
2.58055e9,0.057002311791651564
2.58056e9,0.05713785088430186
2.58057e9,0.057273172623947766
2.58058e9,0.0574054299304236
2.58059e9,0.0575378381331906
2.5806e9,0.057663718401887276
2.58061e9,0.05779602804025325
2.58062e9,0.05792242072854827
2.58063e9,0.058047166334436115
2.58064e9,0.05816862911729863
2.58065e9,0.05828984227049197
2.58066e9,0.058410068249929184
2.58067e9,0.05852970702024023
2.58068e9,0.058647679803308914
2.58069e9,0.058761702801547556
2.5807e9,0.05887371878555274
2.58071e9,0.05898413432197537
2.58072e9,0.059092531415284755
2.58073e9,0.05920373919619498
2.58074e9,0.059307222939259455
2.58075e9,0.059409246814199075
2.58076e9,0.059510543874797484
2.58077e9,0.05961008801711017
2.58078e9,0.05970846528282763
2.58079e9,0.05980436990925334
2.5808e9,0.05989650917311042
2.58081e9,0.05998966907619711
2.58082e9,0.060079390941811354
2.58083e9,0.060171154944724116
2.58084e9,0.06025910993282459
2.58085e9,0.06001900444144586
2.58086e9,0.06042804836065698
2.58087e9,0.060510209415059434
2.58088e9,0.0605915575190753
2.58089e9,0.06067011741597007
2.5809e9,0.06074674630340498
2.58091e9,0.060823611383913116
2.58092e9,0.06089512346424627
2.58093e9,0.06097025047751407
2.58094e9,0.061046341433457586
2.58095e9,0.06112022568373844
2.58096e9,0.06118874817336507
2.58097e9,0.06125945769650082
2.58098e9,0.06132826049941066
2.58099e9,0.061396190308824546
2.581e9,0.06146302069412901
2.58101e9,0.0615301207590172
2.58102e9,0.061594418285834535
2.58103e9,0.061658128085415057
2.58104e9,0.061722697292942906
2.58105e9,0.061787867403375656
2.58106e9,0.06185179108989582
2.58107e9,0.061914814615014004
2.58108e9,0.06197890426695907
2.58109e9,0.062042893145920146
2.5811e9,0.06210655737291619
2.58111e9,0.062175324314002356
2.58112e9,0.062240617623351056
2.58113e9,0.06297376065727836
2.58114e9,0.06303935865801782
2.58115e9,0.06310520581968422
2.58116e9,0.06316912625611736
2.58117e9,0.06323897004894762
2.58118e9,0.06330688740632484
2.58119e9,0.06337533724605503
2.5812e9,0.06344494511814641
2.58121e9,0.06351413314283423
2.58122e9,0.06358718214155563
2.58123e9,0.06365951665419385
2.58124e9,0.06373513622119702
2.58125e9,0.06380988134407686
2.58126e9,0.06388682742854726
2.58127e9,0.06396320414415584
2.58128e9,0.06404284681306002
2.58129e9,0.06412387147216682
2.5813e9,0.06420824601187769
2.58131e9,0.06429188081764603
2.58132e9,0.06437786140520174
2.58133e9,0.06446311774964229
2.58134e9,0.06455357245628077
2.58135e9,0.0646504044759107
2.58136e9,0.06474555499165628
2.58137e9,0.06447490985406172
2.58138e9,0.06494080126103485
2.58139e9,0.06504132343277443
2.5814e9,0.06513316106670967
2.58141e9,0.06484266671577622
2.58142e9,0.06535659157258818
2.58143e9,0.06546840700187753
2.58144e9,0.06558171957766445
2.58145e9,0.06569731678814678
2.58146e9,0.06581500042198694
2.58147e9,0.06593562379901859
2.58148e9,0.06606049999615149
2.58149e9,0.06584015565187397
2.5815e9,0.06631587232891974
2.58151e9,0.06644714654739901
2.58152e9,0.06658295668801309
2.58153e9,0.06672013030492058
2.58154e9,0.06685939616517077
2.58155e9,0.06699881032178472
2.58156e9,0.06714236365560931
2.58157e9,0.0672955294769769
2.58158e9,0.0674460134956598
2.58159e9,0.06759921226837012
2.5816e9,0.06775602129673346
2.58161e9,0.06791393316674096
2.58162e9,0.06807578391379922
2.58163e9,0.06823987994038946
2.58164e9,0.06749290361458606
2.58165e9,0.06857591161643505
2.58166e9,0.06859632971463533
2.58167e9,0.06892152530044167
2.58168e9,0.06909946852333651
2.58169e9,0.06927662273496331
2.5817e9,0.06945756264530427
2.58171e9,0.06964084439135312
2.58172e9,0.06982551280880704
2.58173e9,0.07001216890681947
2.58174e9,0.07020205991951793
2.58175e9,0.07039338322421652
2.58176e9,0.07058704131763016
2.58177e9,0.07078233855620909
2.58178e9,0.07097855772319296
2.58179e9,0.07117610456131897
2.5818e9,0.07137666756626461
2.58181e9,0.07157852699870738
2.58182e9,0.07178271130338046
2.58183e9,0.07198802976411009
2.58184e9,0.07219411783124696
2.58185e9,0.0724021339082732
2.58186e9,0.072610801628571
2.58187e9,0.07282026941269593
2.58188e9,0.073029943289665
2.58189e9,0.07324136263012256
2.5819e9,0.07345324240542789
2.58191e9,0.07366627790960971
2.58192e9,0.07387628809513873
2.58193e9,0.07409011721906733
2.58194e9,0.07430729902530388
2.58195e9,0.07452274826972301
2.58196e9,0.07446778837498202
2.58197e9,0.07495129617434718
2.58198e9,0.07516643899606179
2.58199e9,0.07511360027256066
2.582e9,0.07559495243912094
2.58201e9,0.07580934611998787
2.58202e9,0.07602337390242533
2.58203e9,0.07623689908897341
2.58204e9,0.07645188526980845
2.58205e9,0.0764965754409411
2.58206e9,0.07687446741229734
2.58207e9,0.07708511394838552
2.58208e9,0.07703406848642487
2.58209e9,0.07750184488157255
2.5821e9,0.07770918822370367
2.58211e9,0.07791674282588441
2.58212e9,0.07812082796622086
2.58213e9,0.07830475657416143
2.58214e9,0.0785249263064392
2.58215e9,0.07872775212050144
2.58216e9,0.0789299566355038
2.58217e9,0.07912700436308079
2.58218e9,0.07932250907540532
2.58219e9,0.07951664942214749
2.5822e9,0.07970889071448158
2.58221e9,0.07990081455588786
2.58222e9,0.0800880367122663
2.58223e9,0.08027508421426291
2.58224e9,0.08046086571936947
2.58225e9,0.08064300404998119
2.58226e9,0.08082413761574518
2.58227e9,0.08100227471040404
2.58228e9,0.08117545930667595
2.58229e9,0.08134893624284978
2.5823e9,0.08151990183662938
2.58231e9,0.08168842422570916
2.58232e9,0.08129504641254665
2.58233e9,0.08202260061063284
2.58234e9,0.0821846970214629
2.58235e9,0.08234490094065307
2.58236e9,0.08250081846238916
2.58237e9,0.08265561873387119
2.58238e9,0.08280831616345402
2.58239e9,0.0829591305878926
2.5824e9,0.08310612078572399
2.58241e9,0.08325086322057558
2.58242e9,0.08339515570302122
2.58243e9,0.08353509556295989
2.58244e9,0.08367324806550008
2.58245e9,0.08298901458096643
2.58246e9,0.08394193007782531
2.58247e9,0.08407045525313214
2.58248e9,0.08420007781150089
2.58249e9,0.08432799233698075
2.5825e9,0.08445275874391255
2.58251e9,0.08457455629940011
2.58252e9,0.0846955389675988
2.58253e9,0.08481378073129923
2.58254e9,0.0849290763347651
2.58255e9,0.08504327890801958
2.58256e9,0.08515517665682062
2.58257e9,0.08526797848679254
2.58258e9,0.08537690126976939
2.58259e9,0.08548392612303357
2.5826e9,0.08559076605639515
2.58261e9,0.08569507082264359
2.58262e9,0.08579736160020136
2.58263e9,0.08589947287420473
2.58264e9,0.08599895892516037
2.58265e9,0.08609662628974502
2.58266e9,0.08619500516257712
2.58267e9,0.08539092177840071
2.58268e9,0.08638464424110663
2.58269e9,0.08648087516622749
2.5827e9,0.08657472509350392
2.58271e9,0.08666971404707036
2.58272e9,0.08676254486496988
2.58273e9,0.08662095916481288
2.58274e9,0.08694650316359272
2.58275e9,0.08703860831126405
2.58276e9,0.08713012283513676
2.58277e9,0.0872220214211512
2.58278e9,0.08731275877944933
2.58279e9,0.08740389196228802
2.5828e9,0.08749559389287762
2.58281e9,0.0875853084193464
2.58282e9,0.08767694448594777
2.58283e9,0.08776814949486987
2.58284e9,0.08786254380713267
2.58285e9,0.08795590432725792
2.58286e9,0.08805043958464137
2.58287e9,0.08814512581740289
2.58288e9,0.08824161173175235
2.58289e9,0.08833986290751605
2.5829e9,0.0884381672258226
2.58291e9,0.088541800480813
2.58292e9,0.08864205875229009
2.58293e9,0.08874333222338363
2.58294e9,0.08884747136910148
2.58295e9,0.08895285189053587
2.58296e9,0.08906045393202403
2.58297e9,0.08916990881858922
2.58298e9,0.08928087808272597
2.58299e9,0.08938999238220079
2.583e9,0.08950729325199878
2.58301e9,0.08962363860050354
2.58302e9,0.08974249209120205
2.58303e9,0.08986343422857664
2.58304e9,0.08998716983673649
2.58305e9,0.09011338421587205
2.58306e9,0.09024234162057879
2.58307e9,0.09037399867960125
2.58308e9,0.09050737306069866
2.58309e9,0.0906426019839164
2.5831e9,0.09078118537447619
2.58311e9,0.09018646611484384
2.58312e9,0.09106739426001716
2.58313e9,0.09121512308180861
2.58314e9,0.09136641666462567
2.58315e9,0.09152067401912913
2.58316e9,0.0909213089112645
2.58317e9,0.09183547976610969
2.58318e9,0.09199447318251985
2.58319e9,0.09216243978451041
2.5832e9,0.09233084331009471
2.58321e9,0.0925025437874899
2.58322e9,0.09267769165894309
2.58323e9,0.09285582137998988
2.58324e9,0.0930361461462095
2.58325e9,0.09322023330292885
2.58326e9,0.09340842050864044
2.58327e9,0.09359870597086715
2.58328e9,0.09379315753762144
2.58329e9,0.09399035051137146
2.5833e9,0.09419044029577338
2.58331e9,0.09439470472080441
2.58332e9,0.09460258665685294
2.58333e9,0.0948130277493322
2.58334e9,0.09502585359325824
2.58335e9,0.09497063642848233
2.58336e9,0.09546445471640816
2.58337e9,0.09568772173561076
2.58338e9,0.09591357641226667
2.58339e9,0.09614314781626765
2.5834e9,0.09637419020795228
2.58341e9,0.09661116788597701
2.58342e9,0.09684930733164046
2.58343e9,0.09709009290241198
2.58344e9,0.09733446802324396
2.58345e9,0.0975811716495023
2.58346e9,0.09783010167974003
2.58347e9,0.09808164821176839
2.58348e9,0.09833777020940922
2.58349e9,0.09859492909621154
2.5835e9,0.09885302404036769
2.58351e9,0.09911619237116089
2.58352e9,0.09937124823507953
2.58353e9,0.09963841493562174
2.58354e9,0.0999079814467276
2.58355e9,0.10017951590496711
2.58356e9,0.1004532995871879
2.58357e9,0.10073057543552194
2.58358e9,0.1010065756589743
2.58359e9,0.10128674396760441
2.5836e9,0.10156748816220981
2.58361e9,0.1018619083207472
2.58362e9,0.10214612772617607
2.58363e9,0.10243219955463745
2.58364e9,0.10271998302489126
2.58365e9,0.10299609576889468
2.58366e9,0.10328677446531534
2.58367e9,0.10357844631887893
2.58368e9,0.1038705498224534
2.58369e9,0.10416440879719913
2.5837e9,0.10445902463738929
2.58371e9,0.10423296562437276
2.58372e9,0.1050504271717968
2.58373e9,0.10534687308653501
2.58374e9,0.10564180843605253
2.58375e9,0.10594214412452262
2.58376e9,0.10624017441234593
2.58377e9,0.10653830515355205
2.58378e9,0.10683672311644239
2.58379e9,0.10713364100700676
2.5838e9,0.10743428279478877
2.58381e9,0.10773272640027948
2.58382e9,0.10803205482484035
2.58383e9,0.10833892910025276
2.58384e9,0.10864808330625779
2.58385e9,0.10894683535959214
2.58386e9,0.10924339882301345
2.58387e9,0.10904560458382265
2.58388e9,0.10983608218122176
2.58389e9,0.11012891069932924
2.5839e9,0.11042246583419292
2.58391e9,0.11071523520748901
2.58392e9,0.11100642040785609
2.58393e9,0.11129983772219253
2.58394e9,0.11158979294224232
2.58395e9,0.11187848486006108
2.58396e9,0.11216484028420051
2.58397e9,0.1124510462149195
2.58398e9,0.11258875138057338
2.58399e9,0.1130189179057274
2.584e9,0.11330028614229637
2.58401e9,0.1135809640298177
2.58402e9,0.11385770937746598
2.58403e9,0.11413457600517866
2.58404e9,0.11440729031089575
2.58405e9,0.11467893272661461
2.58406e9,0.11494816433137357
2.58407e9,0.11521544936974475
2.58408e9,0.11547707043605565
2.58409e9,0.11574193364614169
2.5841e9,0.11600500693192833
2.58411e9,0.11578026418323262
2.58412e9,0.11652025430817094
2.58413e9,0.11677496411643964
2.58414e9,0.1170267503869962
2.58415e9,0.1172779712082674
2.58416e9,0.11752271078267816
2.58417e9,0.11776719333876876
2.58418e9,0.11801052563708786
2.58419e9,0.11826015604764187
2.5842e9,0.11848997830092818
2.58421e9,0.11872068229087433
2.58422e9,0.11895170345031013
2.58423e9,0.11918171763786295
2.58424e9,0.11940795517733453
2.58425e9,0.11963268663288196
2.58426e9,0.1198564340324404
2.58427e9,0.1200740572251295
2.58428e9,0.12029016472287181
2.58429e9,0.12050298153500497
2.5843e9,0.12071372522830849
2.58431e9,0.12081070931093978
2.58432e9,0.12112656548752138
2.58433e9,0.1213288680487497
2.58434e9,0.12152830528554867
2.58435e9,0.12106266859902948
2.58436e9,0.12191894453106934
2.58437e9,0.12211019200398282
2.58438e9,0.12229902712131084
2.58439e9,0.1224840418495427
2.5844e9,0.12266790616830503
2.58441e9,0.12284990797772534
2.58442e9,0.12302882122122744
2.58443e9,0.12320336513400196
2.58444e9,0.12318950977660237
2.58445e9,0.12354820264140706
2.58446e9,0.12371672704598984
2.58447e9,0.12388418894829614
2.58448e9,0.12404848822282172
2.58449e9,0.12420829187580704
2.5845e9,0.12436759912934026
2.58451e9,0.12452521014472814
2.58452e9,0.12467999641630796
2.58453e9,0.12483214879427698
2.58454e9,0.12498220402074404
2.58455e9,0.12512991377101873
2.58456e9,0.12473172432381727
2.58457e9,0.12542001981524467
2.58458e9,0.12556268772166604
2.58459e9,0.12570400973772486
2.5846e9,0.12584206938827572
2.58461e9,0.12597570874873662
2.58462e9,0.1261128743856438
2.58463e9,0.1262457970941677
2.58464e9,0.12637657425748708
2.58465e9,0.1263982212634844
2.58466e9,0.12663512329338
2.58467e9,0.12676156796787327
2.58468e9,0.1268874126036576
2.58469e9,0.127011173895991
2.5847e9,0.1271315699616878
2.58471e9,0.12725635350659614
2.58472e9,0.1273766623772764
2.58473e9,0.12738729550170802
2.58474e9,0.12761236954171445
2.58475e9,0.1277294179388073
2.58476e9,0.12784462368782315
2.58477e9,0.12795733700309714
2.58478e9,0.1280727342379465
2.58479e9,0.12818725576563034
2.5848e9,0.12830085006469907
2.58481e9,0.12841217394570673
2.58482e9,0.12852396855536763
2.58483e9,0.12863346011228266
2.58484e9,0.12874409594884842
2.58485e9,0.1288553509302952
2.58486e9,0.12896578342329848
2.58487e9,0.1290748203770982
2.58488e9,0.1291817958786375
2.58489e9,0.12929150382529278
2.5849e9,0.12940018944167928
2.58491e9,0.1295093830424406
2.58492e9,0.1296174819886237
2.58493e9,0.12972837641565288
2.58494e9,0.12983751287054138
2.58495e9,0.12994662219971875
2.58496e9,0.13005706958186386
2.58497e9,0.13016340550973127
2.58498e9,0.13027561398368284
2.58499e9,0.1303854532186732
2.585e9,0.1304962119606265
2.58501e9,0.1306054957879092
2.58502e9,0.13071670030380647
2.58503e9,0.1308311068628552
2.58504e9,0.13094311535149783
2.58505e9,0.13105585568303826
2.58506e9,0.13116936265439666
2.58507e9,0.13128384383068478
2.58508e9,0.13119357378730967
2.58509e9,0.13151376066976014
2.5851e9,0.13163126916931603
2.58511e9,0.1317518003565751
2.58512e9,0.13187093948577963
2.58513e9,0.1314558395498729
2.58514e9,0.1321109885869393
2.58515e9,0.13215968463019057
2.58516e9,0.13235459922963677
2.58517e9,0.1324287824083126
2.58518e9,0.1326066682372509
2.58519e9,0.13272963508723437
2.5852e9,0.1328568793449219
2.58521e9,0.13298762602648653
2.58522e9,0.1331168259085176
2.58523e9,0.13324960181692613
2.58524e9,0.13338153442842351
2.58525e9,0.13351616212858597
2.58526e9,0.13349453465709038
2.58527e9,0.1328639912676012
2.58528e9,0.13392574684450134
2.58529e9,0.13406516164382165
2.5853e9,0.13420802953072863
2.58531e9,0.13434982456233144
2.58532e9,0.13385463289628802
2.58533e9,0.1346368033931205
2.58534e9,0.1347974005398002
2.58535e9,0.1349459645812232
2.58536e9,0.13508455996186047
2.58537e9,0.13523459290226666
2.58538e9,0.13538785116034072
2.58539e9,0.13554138893215703
2.5854e9,0.13569854695589376
2.58541e9,0.1358577537963007
2.58542e9,0.13601553146326553
2.58543e9,0.13617570898180245
2.58544e9,0.13633795056886822
2.58545e9,0.1365034491386192
2.58546e9,0.13666762532054363
2.58547e9,0.13683204089120976
2.58548e9,0.13645504902672373
2.58549e9,0.13717043564922846
2.5855e9,0.13734150871482265
2.58551e9,0.13751410448613388
2.58552e9,0.13768831243064403
2.58553e9,0.13786235656138712
2.58554e9,0.13803824586356578
2.58555e9,0.13821610298867704
2.58556e9,0.1383952157293127
2.58557e9,0.13816975054296537
2.58558e9,0.13875990072570862
2.58559e9,0.13894365786631016
2.5856e9,0.13912984351551258
2.58561e9,0.1393166662335833
2.58562e9,0.1395033898927869
2.58563e9,0.13969221836998974
2.58564e9,0.13988115090769904
2.58565e9,0.14007447322439587
2.58566e9,0.14026733816565565
2.58567e9,0.14046165919054154
2.58568e9,0.1406564708500771
2.58569e9,0.14085137995946878
2.5857e9,0.1410483764966297
2.58571e9,0.14124725253740306
2.58572e9,0.141447125229761
2.58573e9,0.14164771328110998
2.58574e9,0.14181780828268092
2.58575e9,0.1420519453186009
2.58576e9,0.14225627876328853
2.58577e9,0.1424612945691284
2.58578e9,0.14266807074308913
2.58579e9,0.14287439871572857
2.5858e9,0.14308343239977409
2.58581e9,0.1432902689002078
2.58582e9,0.14350522857524056
2.58583e9,0.14371029506147
2.58584e9,0.14392087818007332
2.58585e9,0.14406818708346947
2.58586e9,0.1443446987681441
2.58587e9,0.14455738228611054
2.58588e9,0.14477115625329226
2.58589e9,0.14498587658139928
2.5859e9,0.14520108242313784
2.58591e9,0.14541649498908263
2.58592e9,0.14563234984325635
2.58593e9,0.14584870676904732
2.58594e9,0.14606524566426188
2.58595e9,0.14628289130451286
2.58596e9,0.14650043013293715
2.58597e9,0.14671790341164098
2.58598e9,0.14685341796972043
2.58599e9,0.147154965648424
2.586e9,0.14737538340643844
2.58601e9,0.14759267281866145
2.58602e9,0.14781155835117502
2.58603e9,0.14803044716831107
2.58604e9,0.148249669818461
2.58605e9,0.148468687266009
2.58606e9,0.14868858259302598
2.58607e9,0.1488826571267736
2.58608e9,0.14910470768281894
2.58609e9,0.1493265375336832
2.5861e9,0.14954754513451415
2.58611e9,0.14976648840581971
2.58612e9,0.1499848810582876
2.58613e9,0.15007323544992976
2.58614e9,0.1504244072966657
2.58615e9,0.15064407846982944
2.58616e9,0.15081039722294526
2.58617e9,0.15108023011240793
2.58618e9,0.15129849667931308
2.58619e9,0.15151646829824342
2.5862e9,0.15173495001383472
2.58621e9,0.1519513354219257
2.58622e9,0.1521659847284906
2.58623e9,0.1523822487188009
2.58624e9,0.1525978431738767
2.58625e9,0.15281261202401678
2.58626e9,0.15302643734793742
2.58627e9,0.15324141324928203
2.58628e9,0.15343070826123054
2.58629e9,0.15366438407991137
2.5863e9,0.1538766858089365
2.58631e9,0.15408677572432244
2.58632e9,0.15429619761678487
2.58633e9,0.15450570876279077
2.58634e9,0.1547138510675681
2.58635e9,0.1549216455365592
2.58636e9,0.1551293004807362
2.58637e9,0.1553349685252772
2.58638e9,0.1555387397280341
2.58639e9,0.15574200358267587
2.5864e9,0.15594521133868747
2.58641e9,0.15614686024063176
2.58642e9,0.15634722575926258
2.58643e9,0.15648460869417874
2.58644e9,0.1567464814363412
2.58645e9,0.15694283535868508
2.58646e9,0.15714074571101502
2.58647e9,0.15733735981750416
2.58648e9,0.15753110963721456
2.58649e9,0.1577234955359645
2.5865e9,0.1579156454528112
2.58651e9,0.15818442308750247
2.58652e9,0.15829607478107036
2.58653e9,0.15848431511782946
2.58654e9,0.15867171080641462
2.58655e9,0.1588565129311065
2.58656e9,0.15904217546480165
2.58657e9,0.15922549212056072
2.58658e9,0.15940717570381605
2.58659e9,0.15958737822034794
2.5866e9,0.1597642239813373
2.58661e9,0.15994153770865785
2.58662e9,0.16011871719029674
2.58663e9,0.1602933790115275
2.58664e9,0.1604675256957381
2.58665e9,0.1606206294597022
2.58666e9,0.1608100646073432
2.58667e9,0.16097881869925285
2.58668e9,0.1611469106373212
2.58669e9,0.16131203926223178
2.5867e9,0.16147626584653701
2.58671e9,0.1616097824375824
2.58672e9,0.16180004807280102
2.58673e9,0.16195893679867718
2.58674e9,0.1621175539130511
2.58675e9,0.16227599058737618
2.58676e9,0.1624307577796928
2.58677e9,0.16258345955289402
2.58678e9,0.16273536908598782
2.58679e9,0.162884608799591
2.5868e9,0.1630328863981979
2.58681e9,0.16317996649735278
2.58682e9,0.16332497965942777
2.58683e9,0.16346973708599832
2.58684e9,0.16361053774853723
2.58685e9,0.16375040715399916
2.58686e9,0.16388862897615508
2.58687e9,0.1640245656044978
2.58688e9,0.16416179394089706
2.58689e9,0.16429490721493356
2.5869e9,0.16442619064349517
2.58691e9,0.16455540962090356
2.58692e9,0.16468474742879008
2.58693e9,0.16480904268627503
2.58694e9,0.16493516745892753
2.58695e9,0.1651582246836046
2.58696e9,0.16517896012066868
2.58697e9,0.1652976607818193
2.58698e9,0.1654149939555605
2.58699e9,0.16552925677321154
2.587e9,0.16564474976881205
2.58701e9,0.1657561822410211
2.58702e9,0.16586480026363765
2.58703e9,0.1659714092116972
2.58704e9,0.16607863498208766
2.58705e9,0.16618387661406234
2.58706e9,0.16628745516667784
2.58707e9,0.16638856843482783
2.58708e9,0.16648742518912332
2.58709e9,0.1666251868218942
2.5871e9,0.1666997456768522
2.58711e9,0.16677176111780245
2.58712e9,0.16686426382142877
2.58713e9,0.16695412439737853
2.58714e9,0.16704215195975344
2.58715e9,0.1671276344600611
2.58716e9,0.16721094590378985
2.58717e9,0.16729162506980655
2.58718e9,0.16737398103772771
2.58719e9,0.16745328062706014
2.5872e9,0.1675299657305273
2.58721e9,0.16760493900331658
2.58722e9,0.16767873770836728
2.58723e9,0.16774935887130354
2.58724e9,0.16781891602520496
2.58725e9,0.16788626764734374
2.58726e9,0.1679521004531396
2.58727e9,0.16801417915568428
2.58728e9,0.168098183980019
2.58729e9,0.16813618598809058
2.5873e9,0.1683742625390422
2.58731e9,0.16825231232493254
2.58732e9,0.16830750499272928
2.58733e9,0.16835868859103503
2.58734e9,0.1684104392717986
2.58735e9,0.16845769037623656
2.58736e9,0.16850596815659263
2.58737e9,0.16856832034118452
2.58738e9,0.16860892898089647
2.58739e9,0.16865016617234377
2.5874e9,0.16868940895653198
2.58741e9,0.16872611230873774
2.58742e9,0.1687571521933158
2.58743e9,0.1687957277698412
2.58744e9,0.16882735513055028
2.58745e9,0.1688864063084394
2.58746e9,0.1688829753163313
2.58747e9,0.16899754955740412
2.58748e9,0.1689322526397842
2.58749e9,0.1689548292372612
2.5875e9,0.16897283377729128
2.58751e9,0.16898917220053283
2.58752e9,0.16900674724249348
2.58753e9,0.16901957888502916
2.58754e9,0.16903146967144966
2.58755e9,0.169042665004938
2.58756e9,0.16905056019515818
2.58757e9,0.16905814029416597
2.58758e9,0.16906226193629229
2.58759e9,0.1690647588402514
2.5876e9,0.16908353265405265
2.58761e9,0.16906265250114147
2.58762e9,0.16905794037955157
2.58763e9,0.1690524712269964
2.58764e9,0.16904501743331293
2.58765e9,0.16903572053876398
2.58766e9,0.16902417984565973
2.58767e9,0.169011987185929
2.58768e9,0.1689971848641727
2.58769e9,0.1689775736064565
2.5877e9,0.16896119838359464
2.58771e9,0.16894067063114707
2.58772e9,0.1689195950942901
2.58773e9,0.16889498603263473
2.58774e9,0.16887017883862257
2.58775e9,0.1688511511707004
2.58776e9,0.1688099533700835
2.58777e9,0.168777781469831
2.58778e9,0.16874543456999566
2.58779e9,0.16870990060626995
2.5878e9,0.16866735986184384
2.58781e9,0.16863037753596227
2.58782e9,0.1685889027139728
2.58783e9,0.1685448750895958
2.58784e9,0.16849827976304774
2.58785e9,0.16845085727024442
2.58786e9,0.16840068313650777
2.58787e9,0.16834994887942045
2.58788e9,0.16829467716716182
2.58789e9,0.16823835730239114
2.5879e9,0.1681811721431885
2.58791e9,0.1681171598792733
2.58792e9,0.16806142034467084
2.58793e9,0.16799858937230916
2.58794e9,0.16791459073653162
2.58795e9,0.1678664788169558
2.58796e9,0.16779764145474418
2.58797e9,0.1677287382147311
2.58798e9,0.167655127099149
2.58799e9,0.16758074847923712
2.588e9,0.1675037347017645
2.58801e9,0.1674271554460215
2.58802e9,0.16734678090575317
2.58803e9,0.16726533302844532
2.58804e9,0.16718123932816345
2.58805e9,0.16709390875459268
2.58806e9,0.16700663235052995
2.58807e9,0.16688264712142298
2.58808e9,0.16682775731618327
2.58809e9,0.16673486797907827
2.5881e9,0.16664040603866997
2.58811e9,0.16654446915561494
2.58812e9,0.1664458242809113
2.58813e9,0.16634556245850943
2.58814e9,0.16624546529697914
2.58815e9,0.16613978746527622
2.58816e9,0.16603442389645667
2.58817e9,0.16592666614383544
2.58818e9,0.16581556914088397
2.58819e9,0.16570512209148403
2.5882e9,0.16553758126612805
2.58821e9,0.1653994603884527
2.58822e9,0.16530393250760536
2.58823e9,0.1651837713454109
2.58824e9,0.16506146877205466
2.58825e9,0.16493734791281434
2.58826e9,0.16481249120322902
2.58827e9,0.16468617833323523
2.58828e9,0.16455593889373857
2.58829e9,0.16442615799683952
2.5883e9,0.16429309888174395
2.58831e9,0.16416045522186556
2.58832e9,0.16402417772185268
2.58833e9,0.16388764148236704
2.58834e9,0.16375128415869125
2.58835e9,0.16360736106734866
2.58836e9,0.16346523233719532
2.58837e9,0.1633180568964946
2.58838e9,0.16317597834971878
2.58839e9,0.16298705714463815
2.5884e9,0.1628783786721855
2.58841e9,0.1627279752834285
2.58842e9,0.16257585905467312
2.58843e9,0.16242167041700592
2.58844e9,0.16226530794734448
2.58845e9,0.16191780027223762
2.58846e9,0.16175645887590745
2.58847e9,0.16159315559201212
2.58848e9,0.1614276676105202
2.58849e9,0.16125879655706768
2.5885e9,0.1610904323967489
2.58851e9,0.16092060184341808
2.58852e9,0.16074902443808325
2.58853e9,0.16057582143543972
2.58854e9,0.16040093619381443
2.58855e9,0.16022522429913122
2.58856e9,0.1600464706158353
2.58857e9,0.159868260382301
2.58858e9,0.1596877856328537
2.58859e9,0.1595059783834984
2.5886e9,0.1593231561726519
2.58861e9,0.15913923830633311
2.58862e9,0.15892725810952904
2.58863e9,0.15876646815506623
2.58864e9,0.15857874677227132
2.58865e9,0.15838847438306417
2.58866e9,0.15819776622644682
2.58867e9,0.15800547126968778
2.58868e9,0.15781043843065165
2.58869e9,0.1576150457997695
2.5887e9,0.1574191288963178
2.58871e9,0.15722156701808254
2.58872e9,0.15702310283109294
2.58873e9,0.15682361447441798
2.58874e9,0.15660580937656932
2.58875e9,0.15642117945904013
2.58876e9,0.15621550694270567
2.58877e9,0.15601226651440128
2.58878e9,0.15580809623518563
2.58879e9,0.15560119841267378
2.5888e9,0.15539572469366525
2.58881e9,0.1551866715845222
2.58882e9,0.1549778016989774
2.58883e9,0.15476843874283558
2.58884e9,0.1545582686294552
2.58885e9,0.15434620814308092
2.58886e9,0.15413404051238028
2.58887e9,0.1539219612547988
2.58888e9,0.15370745873577882
2.58889e9,0.15349581098355616
2.5889e9,0.15327742405818587
2.58891e9,0.15306143471221917
2.58892e9,0.152844644477959
2.58893e9,0.15262761260573177
2.58894e9,0.15241059163102388
2.58895e9,0.1521928826926888
2.58896e9,0.15196396567649434
2.58897e9,0.151755655073756
2.58898e9,0.15152800865353697
2.58899e9,0.15131673358094053
2.589e9,0.15109576792736004
2.58901e9,0.15087466398544838
2.58902e9,0.1506515796895942
2.58903e9,0.15042870704428837
2.58904e9,0.15020660198104552
2.58905e9,0.1499834809762677
2.58906e9,0.14977897002743087
2.58907e9,0.1495436231655631
2.58908e9,0.1493216553690075
2.58909e9,0.1490984800826359
2.5891e9,0.14887651960892123
2.58911e9,0.14865361111784273
2.58912e9,0.14843105097106243
2.58913e9,0.1482093515050655
2.58914e9,0.1479864404746404
2.58915e9,0.14776455873299993
2.58916e9,0.14754237971629575
2.58917e9,0.1473202472694151
2.58918e9,0.14709810226255995
2.58919e9,0.14687539186264764
2.5892e9,0.14665526033161955
2.58921e9,0.14643268875308796
2.58922e9,0.1462118416238091
2.58923e9,0.14597380608535615
2.58924e9,0.1457722303938338
2.58925e9,0.14555093145651363
2.58926e9,0.1453315951890071
2.58927e9,0.1451133085371394
2.58928e9,0.14489512925078893
2.58929e9,0.14467798773495055
2.5893e9,0.14446147952863853
2.58931e9,0.14424232292748457
2.58932e9,0.14402977722581342
2.58933e9,0.14381473408171516
2.58934e9,0.14360010506904344
2.58935e9,0.1433859180366044
2.58936e9,0.14317209677053847
2.58937e9,0.14296068909056553
2.58938e9,0.1427503071185621
2.58939e9,0.14254149125859494
2.5894e9,0.14233282972826705
2.58941e9,0.14212273961497188
2.58942e9,0.14191891115853505
2.58943e9,0.14171252122289674
2.58944e9,0.14150684788990528
2.58945e9,0.14130262009847067
2.58946e9,0.14109984377327273
2.58947e9,0.14089777855878838
2.58948e9,0.14069568157503004
2.58949e9,0.14044811637227686
2.5895e9,0.14029962235319712
2.58951e9,0.14010439324904184
2.58952e9,0.13990585092582086
2.58953e9,0.1397115242095949
2.58954e9,0.13951606355752594
2.58955e9,0.13932652993388867
2.58956e9,0.13913596682055235
2.58957e9,0.13893666500345253
2.58958e9,0.138759128786364
2.58959e9,0.13857260835805435
2.5896e9,0.13838808528705837
2.58961e9,0.13820283620209328
2.58962e9,0.13802068844320908
2.58963e9,0.13784180498565685
2.58964e9,0.1376630166828222
2.58965e9,0.1374839039746545
2.58966e9,0.1373104226555811
2.58967e9,0.13713744570240324
2.58968e9,0.13696357613720145
2.58969e9,0.13679133011042693
2.5897e9,0.1366192280899685
2.58971e9,0.13644967699407418
2.58972e9,0.13628343258279818
2.58973e9,0.13611741980439
2.58974e9,0.13595347402359936
2.58975e9,0.13579056557317457
2.58976e9,0.13563038793626245
2.58977e9,0.1354709030795249
2.58978e9,0.13531341906647149
2.58979e9,0.13515570527271464
2.5898e9,0.135001534179379
2.58981e9,0.13484936092644498
2.58982e9,0.1346985451508893
2.58983e9,0.1345475446089494
2.58984e9,0.1344002477130686
2.58985e9,0.13425326494559017
2.58986e9,0.1341073779547918
2.58987e9,0.13396355453311734
2.58988e9,0.13382216471570596
2.58989e9,0.1336814177197746
2.5899e9,0.1335433205249777
2.58991e9,0.13340435981938417
2.58992e9,0.13326731221160776
2.58993e9,0.13313271664146106
2.58994e9,0.13299860878164343
2.58995e9,0.1328661958388462
2.58996e9,0.13273442450024026
2.58997e9,0.13260272283491553
2.58998e9,0.13247562322924547
2.58999e9,0.13234880974119273
2.59e9,0.13222259663126482
2.59001e9,0.13209999028146266
2.59002e9,0.13197542094223813
2.59003e9,0.13185274266097977
2.59004e9,0.13173144294293926
2.59005e9,0.1316103118110405
2.59006e9,0.13149323733165832
2.59007e9,0.13137297561897435
2.59008e9,0.1312556125487735
2.59009e9,0.13113886762448243
2.5901e9,0.13102361607127797
2.59011e9,0.1309096784092963
2.59012e9,0.13079644509181146
2.59013e9,0.1306834558218487
2.59014e9,0.13057069420674752
2.59015e9,0.13046033536515922
2.59016e9,0.13034594876365108
2.59017e9,0.13023493948192763
2.59018e9,0.13012556102087564
2.59019e9,0.13001605879658176
2.5902e9,0.1299064768328701
2.59021e9,0.12979751851752963
2.59022e9,0.129689889139358
2.59023e9,0.12958197596697113
2.59024e9,0.12947482414095535
2.59025e9,0.1293646742025964
2.59026e9,0.12925752593292453
2.59027e9,0.129149175679925
2.59028e9,0.12904109775193146
2.59029e9,0.128932209969329
2.5903e9,0.12882350800059236
2.59031e9,0.1286865323704404
2.59032e9,0.1286079017855913
2.59033e9,0.12849824738252974
2.59034e9,0.128388102044449
2.59035e9,0.1282780723636735
2.59036e9,0.12817001423696966
2.59037e9,0.12805767852195174
2.59038e9,0.12794441125990524
2.59039e9,0.12783291973870278
2.5904e9,0.127719150479661
2.59041e9,0.12760412563486748
2.59042e9,0.12748850442397186
2.59043e9,0.12737357977368308
2.59044e9,0.12686086872378435
2.59045e9,0.12713882875399277
2.59046e9,0.1270194599374019
2.59047e9,0.1268968534788364
2.59048e9,0.12677799547765348
2.59049e9,0.1266555445184979
2.5905e9,0.1265288212443354
2.59051e9,0.12640496572277368
2.59052e9,0.12627833606208733
2.59053e9,0.12614828615019122
2.59054e9,0.12601127159081268
2.59055e9,0.12588546175201015
2.59056e9,0.12575164210602313
2.59057e9,0.1256167747607419
2.59058e9,0.12548122406805484
2.59059e9,0.125340432112102
2.5906e9,0.12520069692904545
2.59061e9,0.12505780329945224
2.59062e9,0.12491160714553999
2.59063e9,0.12476403956726952
2.59064e9,0.12461470676200376
2.59065e9,0.12446330842234123
2.59066e9,0.12431045037943665
2.59067e9,0.12415445388707784
2.59068e9,0.12399334734720281
2.59069e9,0.12383248616055689
2.5907e9,0.12366918816462937
2.59071e9,0.12350605251852663
2.59072e9,0.12333615150869937
2.59073e9,0.1231667037858413
2.59074e9,0.12299381529782753
2.59075e9,0.12282119331414838
2.59076e9,0.12264324662586125
2.59077e9,0.12246233454459601
2.59078e9,0.1222783161107516
2.59079e9,0.12208939801656483
2.5908e9,0.12190139312778894
2.59081e9,0.12171100085237199
2.59082e9,0.1215166564142813
2.59083e9,0.12132039073893677
2.59084e9,0.12112126729150423
2.59085e9,0.120853991683239
2.59086e9,0.12071526330411265
2.59087e9,0.12050682754593112
2.59088e9,0.12029689571539871
2.59089e9,0.12008429211802549
2.5909e9,0.11986915272744905
2.59091e9,0.11965004065574611
2.59092e9,0.11943077711609829
2.59093e9,0.1192097092073698
2.59094e9,0.11898414673947202
2.59095e9,0.11875105723711032
2.59096e9,0.11854872618622636
2.59097e9,0.11829326663710452
2.59098e9,0.11805070165596405
2.59099e9,0.11780297461259423
2.591e9,0.11756856618987227
2.59101e9,0.11732388571337665
2.59102e9,0.11707660860087508
2.59103e9,0.11682717264345334
2.59104e9,0.11657886533819665
2.59105e9,0.11632440861983509
2.59106e9,0.11607003547343377
2.59107e9,0.11581421620561376
2.59108e9,0.11616750769159533
2.59109e9,0.11523944530962164
2.5911e9,0.11564108619763473
2.59111e9,0.11537418198978408
2.59112e9,0.11510512663753117
2.59113e9,0.11483369862324544
2.59114e9,0.11456022498065388
2.59115e9,0.11428567932681835
2.59116e9,0.11400756519481302
2.59117e9,0.11373056695458048
2.59118e9,0.11344976348586307
2.59119e9,0.11316713641542742
2.5912e9,0.11288306681765663
2.59121e9,0.11259676196094562
2.59122e9,0.11231151068904642
2.59123e9,0.11202249559398023
2.59124e9,0.1117314981800936
2.59125e9,0.11144035243528974
2.59126e9,0.11114821136122262
2.59127e9,0.11085501586892961
2.59128e9,0.11055970666350841
2.59129e9,0.11026559955782413
2.5913e9,0.10871866463979458
2.59131e9,0.10967350014257914
2.59132e9,0.10937761909186787
2.59133e9,0.10943687435387302
2.59134e9,0.1091398761072122
2.59135e9,0.10883864646717158
2.59136e9,0.10854740251841095
2.59137e9,0.10825038593081109
2.59138e9,0.10795358103215848
2.59139e9,0.10765613619577483
2.5914e9,0.10735859370041118
2.59141e9,0.10706058984999914
2.59142e9,0.10677101035808705
2.59143e9,0.10646646941143088
2.59144e9,0.1061699576764663
2.59145e9,0.10587351378949589
2.59146e9,0.10557872440061412
2.59147e9,0.10528394942449937
2.59148e9,0.10498942306582307
2.59149e9,0.10469584234015994
2.5915e9,0.1044029779328567
2.59151e9,0.10411133013566197
2.59152e9,0.1034254007265319
2.59153e9,0.1027778710195565
2.59154e9,0.10323819361188263
2.59155e9,0.10179545273663894
2.59156e9,0.1026635883490488
2.59157e9,0.10237923400069437
2.59158e9,0.10209818253169647
2.59159e9,0.101817060809379
2.5916e9,0.10153721592239161
2.59161e9,0.1012605360757427
2.59162e9,0.10083407560985347
2.59163e9,0.10071024078200812
2.59164e9,0.10043897487095539
2.59165e9,0.10017331366650159
2.59166e9,0.0999032801848251
2.59167e9,0.09963815218574075
2.59168e9,0.09937586855885361
2.59169e9,0.09911568382237697
2.5917e9,0.0988583308802447
2.59171e9,0.09860359746179462
2.59172e9,0.0983506199236943
2.59173e9,0.09809908386908749
2.59174e9,0.09785161986766615
2.59175e9,0.09760532809049464
2.59176e9,0.09736283838579603
2.59177e9,0.09712353806187717
2.59178e9,0.09688772174564522
2.59179e9,0.0966590333458669
2.5918e9,0.09642535533182514
2.59181e9,0.09619833145448803
2.59182e9,0.095974535745011
2.59183e9,0.0957534677866205
2.59184e9,0.09553639807100374
2.59185e9,0.09532180500063438
2.59186e9,0.09511172384223286
2.59187e9,0.09490354459343599
2.59188e9,0.09469894237097135
2.59189e9,0.09449600808957788
2.5919e9,0.09429827194973088
2.59191e9,0.09410198586038793
2.59192e9,0.09280458030903753
2.59193e9,0.09372144011222734
2.59194e9,0.0935345344205018
2.59195e9,0.09335237098798224
2.59196e9,0.09317282532862957
2.59197e9,0.09299540872041955
2.59198e9,0.09282192025350237
2.59199e9,0.09265328327471285
2.592e9,0.09248603684842778
2.59201e9,0.09232267917996202
2.59202e9,0.09215999419356256
2.59203e9,0.09127803685928403
2.59204e9,0.0918494148642137
2.59205e9,0.09169846892506653
2.59206e9,0.09154955115780673
2.59207e9,0.09140364729835919
2.59208e9,0.09126047760693963
2.59209e9,0.09112101525264116
2.5921e9,0.09098022197187328
2.59211e9,0.09084652290000253
2.59212e9,0.09071495898127023
2.59213e9,0.09058484685322002
2.59214e9,0.0904554800642472
2.59215e9,0.09033062183293146
2.59216e9,0.09020738815836049
2.59217e9,0.09008497507797744
2.59218e9,0.08996561364981544
2.59219e9,0.0893382478392556
2.5922e9,0.08973403384233622
2.59221e9,0.08962147734196481
2.59222e9,0.08951068625724712
2.59223e9,0.08940196468499251
2.59224e9,0.08822177963595383
2.59225e9,0.08919144914290626
2.59226e9,0.0890898664593501
2.59227e9,0.08898846630515703
2.59228e9,0.08888816072061388
2.59229e9,0.08878658091109574
2.5923e9,0.0886893811209853
2.59231e9,0.08783500680719536
2.59232e9,0.08849447035648902
2.59233e9,0.08839899662654614
2.59234e9,0.08830584342230836
2.59235e9,0.08821170570485035
2.59236e9,0.0881161542260375
2.59237e9,0.08802308676336427
2.59238e9,0.08792934523650049
2.59239e9,0.08751883024686717
2.5924e9,0.08774261517365192
2.59241e9,0.08765581441941098
2.59242e9,0.08725875036380164
2.59243e9,0.08737403381229958
2.59244e9,0.08737889779340857
2.59245e9,0.08728598316007499
2.59246e9,0.08718723940423177
2.59247e9,0.08709744301389895
2.59248e9,0.0870012909940536
2.59249e9,0.0866376895626041
2.5925e9,0.08681249910553553
2.59251e9,0.0867161303754162
2.59252e9,0.08662025416642993
2.59253e9,0.08652192094296536
2.59254e9,0.08642425898558176
2.59255e9,0.08632478472587068
2.59256e9,0.08622347638707097
2.59257e9,0.08611633944647099
2.59258e9,0.08601382874802767
2.59259e9,0.08590224985622849
2.5926e9,0.08579523455399238
2.59261e9,0.08568761310433579
2.59262e9,0.08557670261448315
2.59263e9,0.08546006352838714
2.59264e9,0.08534900070565075
2.59265e9,0.08523316525886765
2.59266e9,0.0851131902362771
2.59267e9,0.08499184675662519
2.59268e9,0.08487002503163296
2.59269e9,0.08474413889652443
2.5927e9,0.08461543510053042
2.59271e9,0.0844884892936538
2.59272e9,0.084356992996165
2.59273e9,0.08422288996060788
2.59274e9,0.08408770102437704
2.59275e9,0.08394995952005575
2.59276e9,0.08380925120945211
2.59277e9,0.08366679845719205
2.59278e9,0.08352134186345525
2.59279e9,0.08337341611912086
2.5928e9,0.08322240153209016
2.59281e9,0.08307110376154722
2.59282e9,0.08291576586225613
2.59283e9,0.08275974314729996
2.59284e9,0.08260043499049326
2.59285e9,0.08243886616481784
2.59286e9,0.08227200233389641
2.59287e9,0.08210680779822746
2.59288e9,0.08193898682296684
2.59289e9,0.08176838011514186
2.5929e9,0.0815956588882935
2.59291e9,0.08141950230905527
2.59292e9,0.0812419099406848
2.59293e9,0.08106097011628173
2.59294e9,0.08087970152326855
2.59295e9,0.08069666589075787
2.59296e9,0.08050831975401992
2.59297e9,0.08032279773679311
2.59298e9,0.08013302803953794
2.59299e9,0.07952450333219102
2.593e9,0.07974565505821045
2.59301e9,0.07954868645375555
2.59302e9,0.07934781996186083
2.59303e9,0.07915707844642567
2.59304e9,0.07895288758412543
2.59305e9,0.07875020279992669
2.59306e9,0.07854443078366252
2.59307e9,0.0783411578106904
2.59308e9,0.07813519686080812
2.59309e9,0.07792769677869286
2.5931e9,0.07771868205531543
2.59311e9,0.07750853270593759
2.59312e9,0.07730247105447142
2.59313e9,0.07708994639259605
2.59314e9,0.07687816931955925
2.59315e9,0.07666955224466368
2.59316e9,0.0764554619158967
2.59317e9,0.07624279519524936
2.59318e9,0.07602941264220808
2.59319e9,0.07581822019537823
2.5932e9,0.07560316348611627
2.59321e9,0.07538787120129617
2.59322e9,0.07516827750998469
2.59323e9,0.0749522378503027
2.59324e9,0.07473950084821401
2.59325e9,0.07452604601493144
2.59326e9,0.07431218763589853
2.59327e9,0.07409816444753448
2.59328e9,0.07307478352360437
2.59329e9,0.07367286745138256
2.5933e9,0.07346117564691207
2.59331e9,0.07325144468517558
2.59332e9,0.07304334705412636
2.59333e9,0.07283515420603075
2.59334e9,0.07256829214451381
2.59335e9,0.0724246002382031
2.59336e9,0.07221985836092504
2.59337e9,0.07201441004055922
2.59338e9,0.07181183531114103
2.59339e9,0.0716111694035679
2.5934e9,0.0714124509724089
2.59341e9,0.0712156462589783
2.59342e9,0.07101906598581677
2.59343e9,0.0709275779140452
2.59344e9,0.07073503636864746
2.59345e9,0.07004170609622858
2.59346e9,0.07036071433342671
2.59347e9,0.07017347919552197
2.59348e9,0.0690949580004198
2.59349e9,0.06980995166182717
2.5935e9,0.06962978948098549
2.59351e9,0.06945334729560199
2.59352e9,0.06927918522553354
2.59353e9,0.06910887124529946
2.59354e9,0.06894289264187423
2.59355e9,0.06877651857223728
2.59356e9,0.06860571493301958
2.59357e9,0.06844418501042335
2.59358e9,0.06828557929679549
2.59359e9,0.06812958167743416
2.5936e9,0.06797551862780708
2.59361e9,0.06773530349251014
2.59362e9,0.06767793707590457
2.59363e9,0.06753316002867911
2.59364e9,0.0673933755453728
2.59365e9,0.06725176576084675
2.59366e9,0.06663458618430125
2.59367e9,0.06540840066981993
2.59368e9,0.06605306925345499
2.59369e9,0.06671373935629621
2.5937e9,0.0665869607155991
2.59371e9,0.06646448128896938
2.59372e9,0.0663425141971142
2.59373e9,0.06622393255897728
2.59374e9,0.06610700264996298
2.59375e9,0.06599131979535416
2.59376e9,0.0658783422087292
2.59377e9,0.06576892454967058
2.59378e9,0.06524507796325228
2.59379e9,0.06555600258589463
2.5938e9,0.06502752686087966
2.59381e9,0.06535309475235834
2.59382e9,0.06525672358385959
2.59383e9,0.06516077095615991
2.59384e9,0.06506916611737798
2.59385e9,0.0649770997795811
2.59386e9,0.06488716217824873
2.59387e9,0.06480049663804582
2.59388e9,0.0647199892146792
2.59389e9,0.06463059238657981
2.5939e9,0.06454750476865855
2.59391e9,0.0644665863873992
2.59392e9,0.06438694213230589
2.59393e9,0.0630876701474318
2.59394e9,0.06423553828051448
2.59395e9,0.0641588447269654
2.59396e9,0.06408652535025959
2.59397e9,0.06401470623391815
2.59398e9,0.06394623192938689
2.59399e9,0.06386705537763494
2.594e9,0.06380178927198213
2.59401e9,0.0631600520646146
2.59402e9,0.06365946321379375
2.59403e9,0.06359281017864335
2.59404e9,0.06313164528677552
2.59405e9,0.06346085655208622
2.59406e9,0.06339483559136368
2.59407e9,0.06332624591954658
2.59408e9,0.06326025126872328
2.59409e9,0.06319443354186018
2.5941e9,0.06312915753512825
2.59411e9,0.06306271570171218
2.59412e9,0.06299698009655658
2.59413e9,0.0629314456596234
2.59414e9,0.06286472388310002
2.59415e9,0.06279829710976388
2.59416e9,0.06273052419378855
2.59417e9,0.06266224918565383
2.59418e9,0.06259359568469272
2.59419e9,0.06252473430640684
2.5942e9,0.062453531700644445
2.59421e9,0.06238367463994593
2.59422e9,0.062311243021996844
2.59423e9,0.062234351119225574
2.59424e9,0.06216051914241209
2.59425e9,0.062086072765327585
2.59426e9,0.06200943249742521
2.59427e9,0.06185450588717721
2.59428e9,0.06185459969749819
2.59429e9,0.061774590775756935
2.5943e9,0.06169091582146356
2.59431e9,0.061606826726354924
2.59432e9,0.061487591151912976
2.59433e9,0.06143446301551414
2.59434e9,0.06096575239265409
2.59435e9,0.06126100151228652
2.59436e9,0.061165944080171133
2.59437e9,0.06100862000148333
2.59438e9,0.0609795257149992
2.59439e9,0.060881828447378376
2.5944e9,0.060782273403205724
2.59441e9,0.0606821742596557
2.59442e9,0.06058033759708444
2.59443e9,0.060477535062145246
2.59444e9,0.0603700607777061
2.59445e9,0.06026160038159138
2.59446e9,0.06015285654515208
2.59447e9,0.06004244972519877
2.59448e9,0.0595360380830018
2.59449e9,0.0598108169247044
2.5945e9,0.05969654458991313
2.59451e9,0.059578397068017507
2.59452e9,0.05945901199391102
2.59453e9,0.05865227491459104
2.59454e9,0.0592145865204594
2.59455e9,0.0590893508445386
2.59456e9,0.058963889802442736
2.59457e9,0.05876758809370502
2.59458e9,0.05870880399513154
2.59459e9,0.05857669986343868
2.5946e9,0.058444494147862874
2.59461e9,0.05831012048904428
2.59462e9,0.05817352419050339
2.59463e9,0.05803808551537617
2.59464e9,0.057900386447969625
2.59465e9,0.057760723851066675
2.59466e9,0.05761674210975125
2.59467e9,0.057476679318236495
2.59468e9,0.0573366656186456
2.59469e9,0.0571911927736604
2.5947e9,0.05704650965766525
2.59471e9,0.05690487599479937
2.59472e9,0.05675840776219551
2.59473e9,0.05661073444739107
2.59474e9,0.056465319263535506
2.59475e9,0.05631746535309365
2.59476e9,0.056170452821675244
2.59477e9,0.055922542768665755
2.59478e9,0.055873308473598324
2.59479e9,0.05572611198757898
2.5948e9,0.05557772840879735
2.59481e9,0.05542854791917581
2.59482e9,0.055279361091684014
2.59483e9,0.05513165009470886
2.59484e9,0.05498246944556867
2.59485e9,0.05483409442951848
2.59486e9,0.05468564077828544
2.59487e9,0.053503110660683265
2.59488e9,0.05439137098308855
2.59489e9,0.05424554617929196
2.5949e9,0.05409992844487629
2.59491e9,0.05384548795066724
2.59492e9,0.05381159384588825
2.59493e9,0.053668769610877264
2.59494e9,0.05352291600221835
2.59495e9,0.05338215321747513
2.59496e9,0.053240854394413506
2.59497e9,0.05310212629311827
2.59498e9,0.05296505189663978
2.59499e9,0.052828586881236955
2.595e9,0.052693713581605676
2.59501e9,0.05201362176635943
2.59502e9,0.05242935831238309
2.59503e9,0.05229637343350688
2.59504e9,0.05216971362045242
2.59505e9,0.052041773767703386
2.59506e9,0.05191590523707474
2.59507e9,0.05179188026033175
2.59508e9,0.051669165624009944
2.59509e9,0.051549497896297286
2.5951e9,0.05143173640684165
2.59511e9,0.05131573491998901
2.59512e9,0.05119998364929903
2.59513e9,0.05108610732639004
2.59514e9,0.050975047332963756
2.59515e9,0.050865867191634766
2.59516e9,0.050758723918027805
2.59517e9,0.050652778544000285
2.59518e9,0.050550039238798194
2.59519e9,0.0504512119128003
2.5952e9,0.050350745212127984
2.59521e9,0.05025236008900578
2.59522e9,0.050157270878492796
2.59523e9,0.05006311009407982
2.59524e9,0.04997079304625195
2.59525e9,0.04988188732151421
2.59526e9,0.04923158362663436
2.59527e9,0.04970982386802901
2.59528e9,0.049627220474924634
2.59529e9,0.04954589303498586
2.5953e9,0.04946804160991155
2.59531e9,0.04939065314914297
2.59532e9,0.049314920828589785
2.59533e9,0.049114950359102
2.59534e9,0.049168270949603396
2.59535e9,0.04909682242581796
2.59536e9,0.04902709764030972
2.59537e9,0.04895863136615376
2.59538e9,0.04889296262986759
2.59539e9,0.048193160662564516
2.5954e9,0.04876609626016022
2.59541e9,0.048705170712441674
2.59542e9,0.04864424698841401
2.59543e9,0.04858552061526325
2.59544e9,0.04852907354238224
2.59545e9,0.04809942678470423
2.59546e9,0.048417464141670565
2.59547e9,0.04836258950840472
2.59548e9,0.04830887111550545
2.59549e9,0.04825781474998321
2.5955e9,0.04820463109148438
2.59551e9,0.0481533662881124
2.59552e9,0.0481011107247576
2.59553e9,0.04805463433224719
2.59554e9,0.04800545646061611
2.59555e9,0.04795698382327921
2.59556e9,0.04790974575418817
2.59557e9,0.0478626631685256
2.59558e9,0.04781589709538047
2.59559e9,0.04776864532168168
2.5956e9,0.04772247462628297
2.59561e9,0.04746103590703961
2.59562e9,0.04763049360217323
2.59563e9,0.046661327258533156
2.59564e9,0.04753889617339991
2.59565e9,0.04749287610584674
2.59566e9,0.0474460835086238
2.59567e9,0.04739942490813947
2.59568e9,0.0473501837489019
2.59569e9,0.04730183128604332
2.5957e9,0.04725311198748009
2.59571e9,0.04720059680637984
2.59572e9,0.04715011284365967
2.59573e9,0.04710008297928488
2.59574e9,0.047048714319667576
2.59575e9,0.046996313525423355
2.59576e9,0.046939621696598835
2.59577e9,0.046886947456607694
2.59578e9,0.04683356299550922
2.59579e9,0.04677616484598977
2.5958e9,0.046144857592546065
2.59581e9,0.046084346148887276
2.59582e9,0.0466033975794147
2.59583e9,0.04654516099099383
2.59584e9,0.04648232553688027
2.59585e9,0.04642039059497052
2.59586e9,0.04635551214345036
2.59587e9,0.04629058751287331
2.59588e9,0.04622271453606605
2.59589e9,0.04615537438320043
2.5959e9,0.04573431899563507
2.59591e9,0.046016965093083145
2.59592e9,0.04536496656747263
2.59593e9,0.04587184504211793
2.59594e9,0.04579746295960784
2.59595e9,0.04572146283572416
2.59596e9,0.04564318087485098
2.59597e9,0.045563209960240034
2.59598e9,0.044923382952709597
2.59599e9,0.04540437042340758
2.596e9,0.04532387721454414
2.59601e9,0.04488168934814993
2.59602e9,0.04515356747699262
2.59603e9,0.04506727283298324
2.59604e9,0.04498019724469994
2.59605e9,0.04489000864629491
2.59606e9,0.04480098054168323
2.59607e9,0.044706312208289134
2.59608e9,0.04461357100377988
2.59609e9,0.04451810869923911
2.5961e9,0.044424886818046794
2.59611e9,0.04432874445149232
2.59612e9,0.04423198469628616
2.59613e9,0.04413451323270681
2.59614e9,0.04403688687464154
2.59615e9,0.04393785409141626
2.59616e9,0.043837394831858494
2.59617e9,0.04373683391641598
2.59618e9,0.04363217550289309
2.59619e9,0.04352973251657268
2.5962e9,0.04342740309081224
2.59621e9,0.043323419665564064
2.59622e9,0.04321879042576763
2.59623e9,0.04311614059579851
2.59624e9,0.04301056868289421
2.59625e9,0.04290451851222227
2.59626e9,0.04279985515569018
2.59627e9,0.0426951921356346
2.59628e9,0.04259096817947982
2.59629e9,0.04248688093263557
2.5963e9,0.04238065828266664
2.59631e9,0.042275658529972546
2.59632e9,0.04216946054591924
2.59633e9,0.042064317721515816
2.59634e9,0.04195957952967619
2.59635e9,0.04185523096347335
2.59636e9,0.04175090057791234
2.59637e9,0.04164826697372024
2.59638e9,0.04154584803116363
2.59639e9,0.0414423036737211
2.5964e9,0.04134002522352262
2.59641e9,0.04123936167390252
2.59642e9,0.04113884407055519
2.59643e9,0.041039636551123394
2.59644e9,0.04033557180665616
2.59645e9,0.04084305512423038
2.59646e9,0.040746276854952156
2.59647e9,0.04064990707663278
2.59648e9,0.04055446533255842
2.59649e9,0.040460238329583495
2.5965e9,0.04036611947721284
2.59651e9,0.04027445786390511
2.59652e9,0.04018368683020098
2.59653e9,0.04009430541531117
2.59654e9,0.04000785096021262
2.59655e9,0.03992123089972338
2.59656e9,0.03983541397125561
2.59657e9,0.039751627293998226
2.59658e9,0.03966829037924046
2.59659e9,0.039587342976997335
2.5966e9,0.03950703886714212
2.59661e9,0.03942739451799116
2.59662e9,0.03891007102702898
2.59663e9,0.039274837145432985
2.59664e9,0.03920061276574043
2.59665e9,0.03912824425231798
2.59666e9,0.039056284111881695
2.59667e9,0.03898638530505586
2.59668e9,0.03891743336695482
2.59669e9,0.03885107466330826
2.5967e9,0.03878598453472758
2.59671e9,0.038722081618321885
2.59672e9,0.038660181969588626
2.59673e9,0.03859941036245423
2.59674e9,0.03853981306670881
2.59675e9,0.038482163368301715
2.59676e9,0.038425119556879654
2.59677e9,0.03836972762719557
2.59678e9,0.03831552945043325
2.59679e9,0.038263237624176556
2.5968e9,0.03821115373203012
2.59681e9,0.03816129234925942
2.59682e9,0.03810870459199484
2.59683e9,0.038060398259839014
2.59684e9,0.038013877869049126
2.59685e9,0.037967575299811006
2.59686e9,0.0379228740714732
2.59687e9,0.037879855814230826
2.59688e9,0.03783654006994604
2.59689e9,0.037795547535242925
2.5969e9,0.03775548447535289
2.59691e9,0.03771484186286521
2.59692e9,0.037676000921354265
2.59693e9,0.037638139966083214
2.59694e9,0.03760042938760036
2.59695e9,0.03756352725921803
2.59696e9,0.03752739152585614
2.59697e9,0.036955300500579914
2.59698e9,0.0374571229008705
2.59699e9,0.03742290117660845
2.597e9,0.03738788437445005
2.59701e9,0.037354474448604916
2.59702e9,0.03731921688491388
2.59703e9,0.03728645775556359
2.59704e9,0.037253011340609585
2.59705e9,0.03721893102573532
2.59706e9,0.03718507873344371
2.59707e9,0.03715118378489517
2.59708e9,0.03711730274871483
2.59709e9,0.03708328153049659
2.5971e9,0.037049148768169685
2.59711e9,0.037015802166596674
2.59712e9,0.0369814151644193
2.59713e9,0.03694720700026199
2.59714e9,0.036911896842808704
2.59715e9,0.03677249078794425
2.59716e9,0.03684002921532845
2.59717e9,0.03680397414972236
2.59718e9,0.03676731626732504
2.59719e9,0.036729761575167975
2.5972e9,0.036691503951625716
2.59721e9,0.036652443802934406
2.59722e9,0.0366122133961232
2.59723e9,0.0365698950394957
2.59724e9,0.03653039376775959
2.59725e9,0.03648809694898723
2.59726e9,0.03644416583260073
2.59727e9,0.03639993085413337
2.59728e9,0.036354816062573285
2.59729e9,0.036306676759895955
2.5973e9,0.036263325399222675
2.59731e9,0.03621461651816169
2.59732e9,0.03616723488855988
2.59733e9,0.0361177660976942
2.59734e9,0.036066547283146635
2.59735e9,0.03601517080307574
2.59736e9,0.035962003042206724
2.59737e9,0.03591047516583983
2.59738e9,0.0358552339120366
2.59739e9,0.03580021316863085
2.5974e9,0.03574333477355274
2.59741e9,0.03568562802080435
2.59742e9,0.03562575074349178
2.59743e9,0.035566053741411606
2.59744e9,0.035505588158601685
2.59745e9,0.035443433352743386
2.59746e9,0.03538067067792596
2.59747e9,0.03531824210458023
2.59748e9,0.03515833294323267
2.59749e9,0.03518926298774262
2.5975e9,0.035120254171718684
2.59751e9,0.03505405419563105
2.59752e9,0.03498652971780443
2.59753e9,0.034917429629023625
2.59754e9,0.03484821236522399
2.59755e9,0.03477907228438667
2.59756e9,0.034706774451132724
2.59757e9,0.03463470704264381
2.59758e9,0.03456191788600756
2.59759e9,0.0344883971477943
2.5976e9,0.03441569499145022
2.59761e9,0.03434252628362811
2.59762e9,0.03426596977508355
2.59763e9,0.03419075363824102
2.59764e9,0.034116510360292174
2.59765e9,0.03403925829020456
2.59766e9,0.03396324977482065
2.59767e9,0.03388757594187851
2.59768e9,0.033810844320036774
2.59769e9,0.03373530452512882
2.5977e9,0.03365954928419077
2.59771e9,0.033582631795412654
2.59772e9,0.03350558448086109
2.59773e9,0.03342965515995653
2.59774e9,0.03335315847185564
2.59775e9,0.03327710281813825
2.59776e9,0.03320051317567747
2.59777e9,0.033123610367446536
2.59778e9,0.033047283152145994
2.59779e9,0.03297231725124934
2.5978e9,0.03289601343671078
2.59781e9,0.03282090377814336
2.59782e9,0.03274699722894121
2.59783e9,0.03267274486820373
2.59784e9,0.03259959066009613
2.59785e9,0.03252743023802505
2.59786e9,0.032456784600556794
2.59787e9,0.032387239911817814
2.59788e9,0.03231697616811775
2.59789e9,0.03224594922702108
2.5979e9,0.03217693105247583
2.59791e9,0.032108837815930935
2.59792e9,0.032040448904854066
2.59793e9,0.031973864873728663
2.59794e9,0.0314260450144461
2.59795e9,0.031843607617103926
2.59796e9,0.03177950028555682
2.59797e9,0.03171654676100651
2.59798e9,0.031654699203073004
2.59799e9,0.03159347299645389
2.598e9,0.03153370646181928
2.59801e9,0.03147470652972265
2.59802e9,0.03141777502294372
2.59803e9,0.031360701432884774
2.59804e9,0.031304413855783086
2.59805e9,0.031250972206294796
2.59806e9,0.031197398953876555
2.59807e9,0.031145080864872488
2.59808e9,0.03109409311056695
2.59809e9,0.031044770787321128
2.5981e9,0.030996145723881617
2.59811e9,0.03076254587608656
2.59812e9,0.03090046204875044
2.59813e9,0.030853933271335048
2.59814e9,0.03080969656138912
2.59815e9,0.030765943319751972
2.59816e9,0.030722930754389824
2.59817e9,0.03068189404587137
2.59818e9,0.030642042557833468
2.59819e9,0.030602788042209745
2.5982e9,0.030564598355914522
2.59821e9,0.03052793508269447
2.59822e9,0.03049266192730158
2.59823e9,0.030457802377967632
2.59824e9,0.03042273046992602
2.59825e9,0.03038905144288184
2.59826e9,0.030356170520117243
2.59827e9,0.03032328920981598
2.59828e9,0.030291190334169646
2.59829e9,0.030259069415675768
2.5983e9,0.03022866928602257
2.59831e9,0.03002120497519904
2.59832e9,0.030170791270207827
2.59833e9,0.03014149965823177
2.59834e9,0.03011371228912446
2.59835e9,0.03008605832507046
2.59836e9,0.030058852337314413
2.59837e9,0.030032356688021577
2.59838e9,0.030007692147745672
2.59839e9,0.029981841508601944
2.5984e9,0.029956100428455878
2.59841e9,0.02992898148796605
2.59842e9,0.029903987054270387
2.59843e9,0.02988005808817156
2.59844e9,0.029855846564870187
2.59845e9,0.02983098076676867
2.59846e9,0.029806449320539278
2.59847e9,0.02978278200419989
2.59848e9,0.029758813075054208
2.59849e9,0.029734563323169826
2.5985e9,0.02970595581504865
2.59851e9,0.029288189402503526
2.59852e9,0.02965571552543881
2.59853e9,0.029373588325125186
2.59854e9,0.029604507848495092
2.59855e9,0.029577199600122013
2.59856e9,0.029550382046466133
2.59857e9,0.02912618428242454
2.59858e9,0.029493910211958924
2.59859e9,0.029467504046490005
2.5986e9,0.029439377952500026
2.59861e9,0.02893574760431172
2.59862e9,0.028904110859060198
2.59863e9,0.028872436435100134
2.59864e9,0.028841124994168046
2.59865e9,0.02880833822114527
2.59866e9,0.028776532707819998
2.59867e9,0.028741991491462497
2.59868e9,0.028706580078346217
2.59869e9,0.028672506224793576
2.5987e9,0.028637669003453985
2.59871e9,0.028602367070739262
2.59872e9,0.028564298661433354
2.59873e9,0.028526877857933473
2.59874e9,0.028488731523579173
2.59875e9,0.028449709932383906
2.59876e9,0.02840937729010031
2.59877e9,0.02836779057400244
2.59878e9,0.028327139290320377
2.59879e9,0.028284450121897037
2.5988e9,0.028242098056816427
2.59881e9,0.028196702046444
2.59882e9,0.028151353006369374
2.59883e9,0.02810637989406949
2.59884e9,0.028058695727674735
2.59885e9,0.028002732201738992
2.59886e9,0.02796447478529103
2.59887e9,0.027916159112859624
2.59888e9,0.027866290051145343
2.59889e9,0.027816168247722716
2.5989e9,0.02776633118413144
2.59891e9,0.027715520065297553
2.59892e9,0.027662460070015844
2.59893e9,0.027609486479057893
2.59894e9,0.02755753812852363
2.59895e9,0.02750385674728012
2.59896e9,0.027449845206919895
2.59897e9,0.027394085951782884
2.59898e9,0.027339179001998715
2.59899e9,0.0272840013023323
2.599e9,0.027228145463581887
2.59901e9,0.027172801764832874
2.59902e9,0.02711720917791623
2.59903e9,0.027060238648415717
2.59904e9,0.027003546389674705
2.59905e9,0.02694678757561093
2.59906e9,0.026889476928570778
2.59907e9,0.026831882357704756
2.59908e9,0.026774635891692395
2.59909e9,0.026717601937207548
2.5991e9,0.026659682151360557
2.59911e9,0.026602351430583298
2.59912e9,0.026544495454424062
2.59913e9,0.026487397531589636
2.59914e9,0.02643184815466634
2.59915e9,0.026375085310088073
2.59916e9,0.02631943262058331
2.59917e9,0.026263299834674684
2.59918e9,0.026207416006259386
2.59919e9,0.0261517849637986
2.5992e9,0.02609627773684668
2.59921e9,0.026042306869342887
2.59922e9,0.025987625565828308
2.59923e9,0.025934396933837863
2.59924e9,0.025880150665897137
2.59925e9,0.025826865770271937
2.59926e9,0.02577512368524064
2.59927e9,0.025723651161445187
2.59928e9,0.02567282152336555
2.59929e9,0.02562262920986093
2.5993e9,0.025572627964811856
2.59931e9,0.025523323288987335
2.59932e9,0.02547547347302036
2.59933e9,0.025427496604749772
2.59934e9,0.025382169165412423
2.59935e9,0.025335920702146797
2.59936e9,0.025291011527720703
2.59937e9,0.025247161421694454
2.59938e9,0.025203865462168625
2.59939e9,0.025160969618393345
2.5994e9,0.02511728314654526
2.59941e9,0.02507621993639428
2.59942e9,0.024998696310362806
2.59943e9,0.024997253487356666
2.59944e9,0.02495934047021448
2.59945e9,0.024922785569071366
2.59946e9,0.024885484337161857
2.59947e9,0.024848968347241693
2.59948e9,0.02481413700690054
2.59949e9,0.02478035549516191
2.5995e9,0.024747238998952266
2.59951e9,0.02471439012733152
2.59952e9,0.02468484955097645
2.59953e9,0.024654595575020945
2.59954e9,0.024623219387350476
2.59955e9,0.02459345794070306
2.59956e9,0.02456531327878279
2.59957e9,0.024536550879420162
2.59958e9,0.024511269638107406
2.59959e9,0.024485724451585575
2.5996e9,0.024460361966464075
2.59961e9,0.02443515877222196
2.59962e9,0.024411463049707743
2.59963e9,0.024388055989027272
2.59964e9,0.024365512978324448
2.59965e9,0.02434342162898414
2.59966e9,0.024321141009659417
2.59967e9,0.024298830603365393
2.59968e9,0.024278290632748046
2.59969e9,0.02425778570246559
2.5997e9,0.024237339152465828
2.59971e9,0.02421831912674758
2.59972e9,0.024198933764764397
2.59973e9,0.02418059990586565
2.59974e9,0.024161295577963558
2.59975e9,0.024142675694632416
2.59976e9,0.024124636992520977
2.59977e9,0.02410618407602601
2.59978e9,0.024088106155797408
2.59979e9,0.02407010432431424
2.5998e9,0.024052940373701395
2.59981e9,0.024035574157717055
2.59982e9,0.02401706047416456
2.59983e9,0.02399904585429855
2.59984e9,0.02398050053397165
2.59985e9,0.023962378180619054
2.59986e9,0.023943642868506452
2.59987e9,0.023925936771794255
2.59988e9,0.023906499567677736
2.59989e9,0.023888625284948485
2.5999e9,0.02387023099387536
2.59991e9,0.02384981648865709
2.59992e9,0.023832208285519064
2.59993e9,0.023811753116515313
2.59994e9,0.023792483181002265
2.59995e9,0.02377149058036956
2.59996e9,0.023749225146592428
2.59997e9,0.02372894021086686
2.59998e9,0.02370618202160177
2.59999e9,0.023683682987071495
2.6e9,0.023660185220708382